key,group,count,total,frac,type,hex,combined
Pred_0_001,Low,685852,9978486,6.87,rand,#ff9e27,Low.rand
Pred_0_001,Low,27758,172389,16.1019554611953,pred,#ff9e27,Low.pred
Pred_0_001,Mid,8661555,9978486,86.81,rand,#006400,Mid.rand
Pred_0_001,Mid,136773,172389,79.3397490559142,pred,#006400,Mid.pred
Pred_0_001,High,631079,9978486,6.32,rand,#b2182b,High.rand
Pred_0_001,High,7858,172389,4.55829548289044,pred,#b2182b,High.pred
Pred_0_005,Low,471299,9978486,4.72,rand,#ff9e27,Low.rand
Pred_0_005,Low,12254,172389,7.10834217960543,pred,#ff9e27,Low.pred
Pred_0_005,Mid,8854712,9978486,88.74,rand,#006400,Mid.rand
Pred_0_005,Mid,152458,172389,88.4383574357993,pred,#006400,Mid.pred
Pred_0_005,High,652475,9978486,6.54,rand,#b2182b,High.rand
Pred_0_005,High,7677,172389,4.4533003845953,pred,#b2182b,High.pred
Pred_0_01,Low,482849,9978486,4.84,rand,#ff9e27,Low.rand
Pred_0_01,Low,10602,172389,6.15004437638132,pred,#ff9e27,Low.pred
Pred_0_01,Mid,8838755,9978486,88.58,rand,#006400,Mid.rand
Pred_0_01,Mid,154199,172389,89.448282663047,pred,#006400,Mid.pred
Pred_0_01,High,656882,9978486,6.58,rand,#b2182b,High.rand
Pred_0_01,High,7588,172389,4.40167296057173,pred,#b2182b,High.pred
Pred_0_05,Low,474660,9978486,4.76,rand,#ff9e27,Low.rand
Pred_0_05,Low,9043,172389,5.24569433084478,pred,#ff9e27,Low.pred
Pred_0_05,Mid,8853112,9978486,88.72,rand,#006400,Mid.rand
Pred_0_05,Mid,155746,172389,90.3456717075916,pred,#006400,Mid.pred
Pred_0_05,High,650714,9978486,6.52,rand,#b2182b,High.rand
Pred_0_05,High,7600,172389,4.40863396156367,pred,#b2182b,High.pred
